id,first_name,last_name,email,gender,country,city
1,Dwight,Woolaston,dwoolaston0@fc2.com,Male,Russia,Borisova Griva
2,Sandra,Laden,sladen1@youtu.be,Female,Germany,Hamburg
3,Gawen,Dungay,gdungay2@linkedin.com,Male,Russia,Porosozero
4,Ferrell,Tong,ftong3@ovh.net,Genderqueer,Russia,Bisert’
5,Amalee,Willerstone,awillerstone4@usatoday.com,Female,Russia,Artybash
6,Mathias,Macenzy,mmacenzy5@census.gov,Male,Russia,Nakhodka
7,Rube,McGlynn,rmcglynn6@sakura.ne.jp,Male,Russia,Yashkul’
8,Patrice,Crankhorn,pcrankhorn7@a8.net,Female,Russia,Novobeysugskaya
9,Gil,Vallender,gvallender8@clickbank.net,Male,Russia,Manturovo
10,Boonie,Larkkem,blarkkem9@utexas.edu,Male,Russia,Turki
11,Graham,Daelman,gdaelmana@wordpress.org,Male,Russia,Tatarsk
12,Shea,Burnhams,sburnhamsb@phoca.cz,Male,Russia,Staritsa
13,Curr,Sayles,csaylesc@newsvine.com,Male,Russia,Anuchino
14,Onfre,Flatley,oflatleyd@dailymotion.com,Male,Russia,Kabakovo
15,Augustus,Ness,anesse@shareasale.com,Male,Russia,Vorontsovka
16,Sheridan,McNish,smcnishf@adobe.com,Male,Russia,Razumnoye
17,Sheelah,Roizin,sroizing@sciencedirect.com,Female,Russia,Ekazhevo
18,Steve,Triplett,stripletth@cocolog-nifty.com,Male,Russia,Golynki
19,Daron,Feeny,dfeenyi@ucoz.ru,Male,Russia,Podosinovets
20,Cordy,Tallquist,ctallquistj@wisc.edu,Male,Germany,Berlin
21,Fanni,Welham,fwelhamk@techcrunch.com,Female,Russia,Mochishche
22,Loree,Linebarger,llinebargerl@ask.com,Female,Azerbaijan,Çalxanqala
23,Burgess,Cairns,bcairnsm@4shared.com,Male,Russia,Salekhard
24,Theodoric,Benedicto,tbenedicton@dropbox.com,Male,Russia,Verbilki
25,Mario,Foxley,mfoxleyo@phoca.cz,Male,Russia,Ostankinskiy
26,Eba,Blaxland,eblaxlandp@narod.ru,Female,Russia,Yessentukskaya
27,Fayina,Filipczak,ffilipczakq@tinyurl.com,Female,Russia,Almaznyy
28,Brietta,Blemings,bblemingsr@reuters.com,Female,Russia,Omutninsk
29,Carroll,Briars,cbriarss@google.ca,Male,Russia,Chunoyar
30,Anjanette,Symones,asymonest@japanpost.jp,Female,Russia,Ryazhsk
31,Sherry,Frostdicke,sfrostdickeu@sfgate.com,Female,Russia,Cherëmushki
32,Cecilio,Maxstead,cmaxsteadv@telegraph.co.uk,Male,Russia,Tonshayevo
33,Reidar,Speedin,rspeedinw@networksolutions.com,Male,Russia,Ust’-Izhora
34,Jobyna,Dowsing,jdowsingx@blinklist.com,Female,Germany,Berlin
35,Harmonie,Peasgood,hpeasgoody@fotki.com,Female,Russia,Burayevo
36,Karole,Dalrymple,kdalrymplez@privacy.gov.au,Female,Russia,Samara
37,Minetta,Southan,msouthan10@umn.edu,Female,Russia,Zheleznogorsk
38,Tore,Lehrle,tlehrle11@home.pl,Male,Russia,Kafyr-Kumukh
39,Sydelle,Burke,sburke12@wikimedia.org,Female,Russia,Vidyayevo
40,Sammie,Kinsella,skinsella13@europa.eu,Male,Russia,Novobiryusinskiy
41,Christine,Corday,ccorday14@patch.com,Female,Azerbaijan,Goranboy
42,Gerik,Bigglestone,gbigglestone15@sfgate.com,Male,Russia,Velizh
43,Conrad,Manoch,cmanoch16@va.gov,Agender,Russia,Omutninsk
44,Avie,Witherden,awitherden17@google.com,Female,Russia,Komsomolsk-on-Amur
45,Ezechiel,Quinnelly,equinnelly18@microsoft.com,Male,Russia,Novaya Igirma
46,Trey,Alchin,talchin19@cnbc.com,Male,Russia,Urshel’skiy
47,Daryle,Deniset,ddeniset1a@goo.gl,Male,Russia,Uglyanets
48,Cariotta,Cattenach,ccattenach1b@smh.com.au,Female,Russia,Tatarsk
49,Jethro,Bullon,jbullon1c@is.gd,Male,Russia,Ust’-Dzheguta
50,Wilbur,Coaker,wcoaker1d@sakura.ne.jp,Non-binary,Russia,Fëdorovskoye
51,Papageno,Harford,pharford1e@omniture.com,Male,Russia,Sukhobezvodnoye
52,Calvin,Pettus,cpettus1f@mediafire.com,Male,Russia,Yaroslavskiy
53,Krispin,Staresmeare,kstaresmeare1g@sina.com.cn,Male,Russia,Kikerino
54,Ronica,Matveichev,rmatveichev1h@hexun.com,Female,Russia,Engel’s
55,Gill,Lathey,glathey1i@ameblo.jp,Female,Russia,Yazykovo
56,Gunilla,Leese,gleese1j@facebook.com,Female,Russia,Sovetskaya
57,Colver,O'Sirin,cosirin1k@taobao.com,Male,Russia,Talitsa
58,Jorey,Gianinotti,jgianinotti1l@un.org,Female,Russia,Kanash
59,Merola,Boshard,mboshard1m@nydailynews.com,Female,Russia,Kondinskoye
60,Jervis,Ashcroft,jashcroft1n@tumblr.com,Male,Germany,Duisburg
61,Clemmy,Ullett,cullett1o@sourceforge.net,Female,Russia,Nizhnyaya Salda
62,Merrilee,Alishoner,malishoner1p@yandex.ru,Genderqueer,Russia,Novorossiysk
63,Lilla,Hinrichs,lhinrichs1q@usa.gov,Polygender,Russia,Severomorsk
64,Victoir,Kennsley,vkennsley1r@pbs.org,Male,Russia,Melenki
65,Christal,Moverley,cmoverley1s@is.gd,Female,Russia,Shushary
66,Coral,Stife,cstife1t@paypal.com,Female,Russia,Novaya Tavolzhanka
67,Wilfred,Akester,wakester1u@adobe.com,Male,Russia,Shikhany
68,Terrye,Charlot,tcharlot1v@ocn.ne.jp,Female,Russia,Ust-Maya
69,Rodina,Tyce,rtyce1w@yale.edu,Female,Russia,Zheleznodorozhnyy
70,Ewen,Spore,espore1x@angelfire.com,Genderfluid,Russia,Nagornyy
71,Kimball,Tatnell,ktatnell1y@nasa.gov,Male,Russia,Chemal
72,Alexandro,Meachan,ameachan1z@drupal.org,Male,Russia,Labytnangi
73,Monique,Cockshtt,mcockshtt20@nydailynews.com,Non-binary,Russia,Pskov
74,Mame,Bleasdille,mbleasdille21@guardian.co.uk,Female,Russia,Staropavlovskaya
75,Birk,Welchman,bwelchman22@lycos.com,Polygender,Russia,Shcherbinka
76,Gill,Brogi,gbrogi23@ifeng.com,Female,Russia,Ochër
77,Dane,Navan,dnavan24@yelp.com,Male,Russia,Lyubokhna
78,Kermie,Lambricht,klambricht25@archive.org,Polygender,Russia,Tomari
79,Byron,Barkly,bbarkly26@samsung.com,Male,Russia,Log
80,Kayley,Woodnutt,kwoodnutt27@slideshare.net,Female,Russia,Rodionovo-Nesvetayskaya
81,Inness,Butler,ibutler28@squidoo.com,Male,Russia,Yazykovo
82,Ynez,Westhofer,ywesthofer29@twitter.com,Female,Russia,Rostokino
83,Jessica,Pleat,jpleat2a@prnewswire.com,Female,Russia,Shalazhi
84,Aland,Phelp,aphelp2b@census.gov,Male,Russia,Bologoye
85,Cecilio,Demelt,cdemelt2c@theglobeandmail.com,Genderqueer,Russia,Neyvo-Rudyanka
86,Tatiana,Skeermer,tskeermer2d@sakura.ne.jp,Female,Russia,Khotynets
87,Sigrid,Sparshatt,ssparshatt2e@nature.com,Female,Azerbaijan,Ağdaş
88,Gussy,Tredger,gtredger2f@themeforest.net,Female,Russia,Glubokiy
89,Sid,Erlam,serlam2g@elpais.com,Male,Russia,Biskamzha
90,Dacia,Kiehnlt,dkiehnlt2h@trellian.com,Female,Russia,Dalakovo
91,Ursala,Ludlam,uludlam2i@cbsnews.com,Female,Russia,Ural
92,Idalina,Genery,igenery2j@webs.com,Polygender,Russia,Nazyvayevsk
93,Alfie,Brownlow,abrownlow2k@hibu.com,Male,Russia,Plast
94,Ashla,Elger,aelger2l@goodreads.com,Female,Russia,Marfino
95,Ber,Burwin,bburwin2m@hexun.com,Male,Russia,Pervomayskaya
96,Maren,Biset,mbiset2n@nhs.uk,Female,Russia,Uryupinsk
97,Sileas,Gann,sgann2o@comcast.net,Female,Russia,Novotroitsk
98,Emyle,Nelles,enelles2p@blogspot.com,Female,Russia,Kovernino
99,Martainn,Jerrams,mjerrams2q@tmall.com,Male,Russia,Bryukhovetskaya
100,Angy,Volkes,avolkes2r@thetimes.co.uk,Female,Germany,Berlin
